kyr,RSL
-9.46619, -9.824
-8.0427, -2.86894
-7.01068, 4.16848
-5.80071, 3.57885
-4.94662, 3.32903
-3.41637, 2.05643
-0.142349, 0.113066
